comune_start_id,comune_start_name,comune_start_lat,comune_start_log,comune_start_regione,comune_end_id,comune_end_name,comune_end_lat,comune_end_log,comune_end_stato,comune_end_found_coords,comune_end_found_claims,gemelli_names
s_Acate,Acate,37.025286,14.492464,Libero consorzio comunale di Ragusa,e_Chambly (Oise){{!}}Chambly,Chambly (Oise){{!}}Chambly,,,Francia,False,True,Chambly (Oise){{!}}Chambly (Francia)
s_Agropoli,Agropoli,40.3469,14.99655,provincia di Salerno,e_Chili,Chili,,,,False,True,Chili ()
s_Alatri,Alatri,41.726389,13.342222,provincia di Frosinone,e_Gorges,Gorges,,,,False,True,"Alife (Italia), Clisson (Francia), Saint-Lumine-de-Clisson (Francia), Gétigné (Francia), Gorges (), Aigrefeuille-sur-Maine (Francia), Dirfi (Grecia), Ness Ziona (Israele)"
s_Alba Adriatica,Alba Adriatica,42.833333,13.916667,provincia di Teramo,e_Miranda,Miranda,,,,False,True,Miranda ()
s_Alberobello,Alberobello,40.784061,17.237461,provincia di Bari,e_Villaggi storici di Shirakawa-go e Gokayama,Villaggi storici di Shirakawa-go e Gokayama,,,Giappone,False,True,"Villaggi storici di Shirakawa-go e Gokayama (Giappone), Monte Sant'Angelo (Italia), Andria (Italia), Romentino (Italia)"
s_Albosaggia,Albosaggia,46.15,9.85,provincia di Sondrio,e_Beaufort,Beaufort,,,,False,True,Beaufort ()
s_Altopascio,Altopascio,43.816667,10.674722,provincia di Lucca,e_Saint-Gilles (Gard){{!}}Saint-Gilles,Saint-Gilles (Gard){{!}}Saint-Gilles,,,,False,True,"El Perelló (Spagna), Saint-Gilles (Gard){{!}}Saint-Gilles ()"
s_Alvito (Italia),Alvito (Italia),41.688889,13.744444,provincia di Frosinone,e_Alvito,Alvito,,,,False,True,Alvito ()
s_Amatrice,Amatrice,42.629381,13.288372,provincia di Rieti,e_Potenza,Potenza,,,,False,True,"Ostia Antica (Italia), Montorio al Vomano (Italia), Potenza (), Ascoli Piceno (Italia), Chiusi della Verna (Italia)"
s_Amendolara,Amendolara,39.95,16.583333,provincia di Cosenza,e_Cerano (Italia){{!}}Cerano,Cerano (Italia){{!}}Cerano,,,,False,True,"Cerano (Italia){{!}}Cerano (), Lanús (Argentina), Trecate (Italia), Vannes (Francia), San Severino Lucano (Italia)"
s_Angera,Angera,45.766667,8.583333,provincia di Varese,e_Viviers (Ardèche){{!}}Viviers,Viviers (Ardèche){{!}}Viviers,,,,False,True,Viviers (Ardèche){{!}}Viviers ()
s_Anghiari,Anghiari,43.541667,12.055,provincia di Arezzo,e_Vladimir,Vladimir,,,,False,True,"La Plata (Argentina), Vladimir (), Guidizzolo (Italia)"
s_Aprilia (Italia),Aprilia (Italia),41.583333,12.65,provincia di Latina,e_Pergola,Pergola,,,,False,True,"Pergola (), Mostardas (Brasile), Buja (Italia), Montorio al Vomano (Italia), Sciacca (Italia), Ben Arous (Tunisia), Tulcea (Romania), Cingoli (Italia), Aldeno (Italia), Pantelleria (Italia)"
s_Aquilonia (Italia),Aquilonia (Italia),40.987778,15.475278,provincia di Avellino,e_Montclair,Montclair,,,,False,True,"Cambiano (Italia), Caramagna Piemonte (Italia), Montclair ()"
s_Arco (Italia),Arco (Italia),45.91922222,10.88616667,provincia autonoma di Trento,e_Bogen,Bogen,,,,False,True,"Crosne (Francia), Schotten (Germania), Bogen (), Roccella Ionica (Italia)"
s_Arenzano,Arenzano,44.403528,8.682711,provincia di Genova,e_Domburg,Domburg,,,,False,True,"Loutraki (Grecia), Pontoise (Francia), Domburg (), El Jadida (Marocco), Tata (), Calasetta (Italia)"
s_Arenzano,Arenzano,44.403528,8.682711,provincia di Genova,e_Tata,Tata,,,,False,True,"Loutraki (Grecia), Pontoise (Francia), Domburg (), El Jadida (Marocco), Tata (), Calasetta (Italia)"
s_Arezzo,Arezzo,43.463056,11.878056,provincia di Arezzo,e_Saint-Priest,Saint-Priest,,,,False,True,"Montenars (Italia), Saint-Priest (), Eger (Ungheria), Bedford (Regno Unito), Viseu (), Oświęcim (Polonia), Norman (), Sappada (Italia), Burbank (Stati Uniti d’America), Noci (Italia)"
s_Arezzo,Arezzo,43.463056,11.878056,provincia di Arezzo,e_Viseu,Viseu,,,,False,True,"Montenars (Italia), Saint-Priest (), Eger (Ungheria), Bedford (Regno Unito), Viseu (), Oświęcim (Polonia), Norman (), Sappada (Italia), Burbank (Stati Uniti d’America), Noci (Italia)"
s_Arezzo,Arezzo,43.463056,11.878056,provincia di Arezzo,e_Norman,Norman,,,,False,True,"Montenars (Italia), Saint-Priest (), Eger (Ungheria), Bedford (Regno Unito), Viseu (), Oświęcim (Polonia), Norman (), Sappada (Italia), Burbank (Stati Uniti d’America), Noci (Italia)"
s_Ariccia,Ariccia,41.716667,12.666667,provincia di Roma,e_Lichtenfels,Lichtenfels,,,,False,True,"Lichtenfels (), Cournon-d'Auvergne (Francia), Prestwick (Regno Unito)"
s_Arluno,Arluno,45.5,8.933333,provincia di Milano,e_San Justo,San Justo,,,,False,True,"Partanna (Italia), San Justo ()"
s_Arona,Arona,45.756944,8.56,provincia di Novara,e_Huy,Huy,,,,False,True,"Compiègne (Francia), Huy (), Arona (Italia)"
s_Ascoli Piceno,Ascoli Piceno,42.854722,13.575278,provincia di Ascoli Piceno,e_Massy (Essonne){{!}}Massy,Massy (Essonne){{!}}Massy,,,,False,True,"Treviri (Germania), Massy (Essonne){{!}}Massy ()"
s_Ascoli Satriano,Ascoli Satriano,41.215556,15.557778,provincia di Foggia,e_Ronda,Ronda,,,,False,True,"Tuscania (Italia), Ronda (), Pompano Beach (Stati Uniti d’America)"
s_Asola (Italia),Asola (Italia),45.216667,10.416667,provincia di Mantova,e_Lésigny (Senna e Marna){{!}}Lésigny,Lésigny (Senna e Marna){{!}}Lésigny,,,,False,True,"Leingarten (Germania), Lésigny (Senna e Marna){{!}}Lésigny ()"
s_Assago,Assago,45.4,9.133333,provincia di Milano,e_Nozay,Nozay,,,,False,True,"Nozay (), Střelice ()"
s_Assago,Assago,45.4,9.133333,provincia di Milano,e_Střelice,Střelice,,,,False,True,"Nozay (), Střelice ()"
s_Assisi,Assisi,43.07,12.6175,provincia di Perugia,e_Marino,Marino,,,,False,True,"Betlemme (Stato di Palestina), Campo di Giove (Italia), Marino (), Messina (Italia), Paola (), San Francisco (Stati Uniti d’America), Santiago di Compostela (Spagna), Wadowice (Polonia), Aversa (Italia), Bagnoregio (Italia), Greccio (Italia), Mondragone (Italia), Ripacandida (Italia)"
s_Assisi,Assisi,43.07,12.6175,provincia di Perugia,e_Paola,Paola,,,,False,True,"Betlemme (Stato di Palestina), Campo di Giove (Italia), Marino (), Messina (Italia), Paola (), San Francisco (Stati Uniti d’America), Santiago di Compostela (Spagna), Wadowice (Polonia), Aversa (Italia), Bagnoregio (Italia), Greccio (Italia), Mondragone (Italia), Ripacandida (Italia)"
s_Asti,Asti,44.9,8.206944,provincia di Asti,e_Valence,Valence,,,,False,True,"Valence (), Biberach an der Riß (Germania), Ma'alot-Tarshiha (Israele), Nanyang (Cina)"
s_Auronzo di Cadore,Auronzo di Cadore,46.551156,12.443039,provincia di Belluno,e_Lipari (Italia){{!}}Lipari,Lipari (Italia){{!}}Lipari,,,,False,True,"Lipari (Italia){{!}}Lipari (), Ilópolis (Brasile)"
s_Aversa,Aversa,40.973034,14.206475,provincia di Caserta,e_Marino,Marino,,,,False,True,"Pratola Serra (Italia), Alife (Italia), Bray-Dunes (Francia), Assisi (Italia), Bisceglie (Italia), Frattamaggiore (Italia), Betlemme (Stato di Palestina), Marino ()"
s_Avezzano,Avezzano,42.030975,13.426372,provincia dell'Aquila,e_Belén,Belén,,,,False,True,"Ayacucho (Perù), Belén (), Câmpulung Moldovenesc (Romania), Santa María ()"
s_Avezzano,Avezzano,42.030975,13.426372,provincia dell'Aquila,e_Santa María,Santa María,,,,False,True,"Ayacucho (Perù), Belén (), Câmpulung Moldovenesc (Romania), Santa María ()"
s_Avigliana,Avigliana,45.07944444,7.39611111,provincia di Torino,e_Sevan,Sevan,,,,False,True,"Tresserve (Francia), Oualia (Mali), Sevan ()"
s_Bagnacavallo,Bagnacavallo,44.416862,11.976063,provincia di Ravenna,e_Stone,Stone,,,,False,True,"Neresheim (Germania), Strzyżów (Polonia), Aix-en-Othe (Francia), Stone (), Pollutri (Italia), Rădăuți ()"
s_Bagnacavallo,Bagnacavallo,44.416862,11.976063,provincia di Ravenna,e_Rădăuți,Rădăuți,,,,False,True,"Neresheim (Germania), Strzyżów (Polonia), Aix-en-Othe (Francia), Stone (), Pollutri (Italia), Rădăuți ()"
s_Bagnoli di Sopra,Bagnoli di Sopra,45.183333,11.883333,provincia di Padova,e_Hard,Hard,,,,False,True,Hard ()
s_Baiso,Baiso,44.501944,10.604722,provincia di Reggio Emilia,e_Marly,Marly,,,,False,True,Marly ()
s_Bari,Bari,41.125278,16.866667,provincia di Bari,e_Kostroma,Kostroma,,,,False,True,"Banja Luka (Bosnia ed Erzegovina), Beit Jala (Stato di Palestina), Bologna (Italia), Canton (Cina), Celle di San Vito (Italia), Corfù (Grecia), Durazzo (Albania), Hamm (Germania), Mar del Plata (Argentina), Patrasso (Grecia), Palma di Maiorca (Spagna), Stettino (Regno di Prussia), Słupsk (Polonia), Batumi (Georgia), San Giovanni Rotondo (Italia), Monte Sant'Angelo (Italia), Kostroma (), Cardiff (Regno Unito), San José (Costa Rica), Vasto (Italia), Siggiewi (Malta)"
s_Bassano Romano,Bassano Romano,42.225278,12.19,provincia di Viterbo,e_Chio,Chio,,,,False,True,Chio ()
s_Bertinoro,Bertinoro,44.15,12.133333,provincia di Forlì-Cesena,e_Ale (comune){{!}}Ale,Ale (comune){{!}}Ale,,,,False,True,"Ale (comune){{!}}Ale (), Kaufungen (Germania), Budești (Chișinău){{!}}Budești (Moldavia)"
s_Berzano di San Pietro,Berzano di San Pietro,45.095833,7.953889,provincia di Asti,e_Gluda,Gluda,,,,False,True,"Tașca (Romania), Tetchea (Romania), Gluda (), Petritsi-Kerkini-Eraclia (Italia)"
s_Bibbiena,Bibbiena,43.6975,11.814444,provincia di Arezzo,e_Boulazac,Boulazac,,,Francia,False,True,"Boulazac (Francia), Ochsenfurt (Germania)"
s_Biella,Biella,45.566389,8.053333,provincia di Biella,e_Kiryu,Kiryu,,,,False,True,"Cagliari (Italia), Weihai (Cina), Tourcoing (Francia), Arequipa (Perù), Kiryu ()"
s_Bisignano,Bisignano,39.50727,16.28106,provincia di Cosenza,e_Feldkirchen,Feldkirchen,,,,False,True,"Feldkirchen (), Sant'Agata di Esaro (Italia)"
s_Bologna,Bologna,44.493889,11.342778,provincia di Bologna,e_San Carlos,San Carlos,,,,False,True,"Lipsia (Principato Elettorale di Sassonia), Zagabria (Croazia), Charkiv (Ucraina), Valencia (Spagna), San Fele (Italia), Salonicco (Grecia), Tolosa (Francia), Coventry (Regno Unito), St. Louis (Stati Uniti d’America), San Carlos (), La Plata (Argentina), Saint-Louis (Stati Uniti d’America), Tuzla (Austria-Ungheria), Portland (), Bari (Italia), Pollica (Italia), Barcellona (Spagna), Belo Horizonte (Brasile), Chengdu (Cina), Chongqing (Cina), Craiova (Romania), Firenze (Regno d'Italia), Hamamatsu (Giappone), Itabashi (Giappone), Le Kef (Tunisia), Meknès (Marocco), Nižnij Novgorod (Russia), Torino (Italia), Seongnam (Corea del Sud), Seul (Corea del Sud), Siviglia (Spagna)"
s_Bologna,Bologna,44.493889,11.342778,provincia di Bologna,e_Portland,Portland,,,,False,True,"Lipsia (Principato Elettorale di Sassonia), Zagabria (Croazia), Charkiv (Ucraina), Valencia (Spagna), San Fele (Italia), Salonicco (Grecia), Tolosa (Francia), Coventry (Regno Unito), St. Louis (Stati Uniti d’America), San Carlos (), La Plata (Argentina), Saint-Louis (Stati Uniti d’America), Tuzla (Austria-Ungheria), Portland (), Bari (Italia), Pollica (Italia), Barcellona (Spagna), Belo Horizonte (Brasile), Chengdu (Cina), Chongqing (Cina), Craiova (Romania), Firenze (Regno d'Italia), Hamamatsu (Giappone), Itabashi (Giappone), Le Kef (Tunisia), Meknès (Marocco), Nižnij Novgorod (Russia), Torino (Italia), Seongnam (Corea del Sud), Seul (Corea del Sud), Siviglia (Spagna)"
s_Bra,Bra,44.7,7.85,provincia di Cuneo,e_Alessio,Alessio,,,,False,True,"Spreitenbach (Svizzera), Weil der Stadt (Germania), Corral de Bustos (Italia), San Sosti (Italia), Betlemme (Stato di Palestina), Alessio (), Gualdo Tadino (Italia), Badalucco (Italia), Contea di Yongchang (Cina), Saint-Pons (Alpi dell'Alta Provenza) (Francia)"
s_Breganze,Breganze,45.7,11.566667,provincia di Vicenza,e_Heves,Heves,,,,False,True,"Heves (), Bourgueil (Francia)"
s_Brinzio,Brinzio,45.888167,8.790623,provincia di Varese,e_Chaux,Chaux,,,,False,True,Chaux ()
s_Buja,Buja,46.21222,13.11691,ente di decentramento regionale di Udine,e_Aprilia,Aprilia,,,,False,True,"Aprilia (), Vilsbiburg (Germania), Domont (Francia)"
s_Busca,Busca,44.516667,7.466667,provincia di Cuneo,e_San Marcos Sud,San Marcos Sud,,,,False,True,"San Marcos Sud (), Cruz Alta (Córdoba) (Argentina)"
s_Bussolengo,Bussolengo,45.466667,10.85,provincia di Verona,e_Roquemaure,Roquemaure,,,,False,True,"Nieder-Olm (Germania), Roquemaure ()"
s_Busto Arsizio,Busto Arsizio,45.611958,8.8518,provincia di Varese,e_Cixi,Cixi,,,,False,True,"Domodossola (Italia), Épinay-sur-Seine (Francia), Nacfa (Eritrea), Cixi ()"
s_Calcinaia,Calcinaia,43.68352,10.61653,provincia di Pisa,e_Paola (Malta){{!}}Paola,Paola (Malta){{!}}Paola,,,,False,True,"Vilanova del Camí (Spagna), Noves (Francia), Amilly (Loiret){{!}}Amilly (Francia), Hopsten (Germania), Paola (Malta){{!}}Paola ()"
s_Calliano (Trentino-Alto Adige),Calliano (Trentino-Alto Adige),45.939102,11.115404,provincia autonoma di Trento,e_Callian,Callian,,,,False,True,"Calliano Monferrato (Italia), Callian ()"
s_Calliano Monferrato,Calliano Monferrato,45.002542,8.250473,provincia di Asti,e_Calliano,Calliano,,,,False,True,"Calliano (), Callian ()"
s_Calliano Monferrato,Calliano Monferrato,45.002542,8.250473,provincia di Asti,e_Callian,Callian,,,,False,True,"Calliano (), Callian ()"
s_Caltanissetta,Caltanissetta,37.491472,14.062444,Libero consorzio comunale di Caltanissetta,e_Rochester,Rochester,,,,False,True,Rochester ()
s_Camaiore,Camaiore,43.933333,10.3,provincia di Lucca,e_Cody,Cody,,,,False,True,"Rovigno (Croazia), Überherrn (Germania), L'Hôpital (Francia), Castel di Casio (Italia), Carpentras (Francia), Cody ()"
s_Camandona,Camandona,45.644722,8.1,provincia di Biella,e_Faucigny,Faucigny,,,,False,True,Faucigny ()
s_Camposanto,Camposanto,44.798917,11.154436,provincia di Modena,e_Bella (Italia){{!}}Bella,Bella (Italia){{!}}Bella,,,,False,True,Bella (Italia){{!}}Bella ()
s_Canale d'Agordo,Canale d'Agordo,46.360556,11.914444,provincia di Belluno,e_Massaranduba,Massaranduba,,,,False,True,"Lacenas (Francia), Wadowice (Polonia), Massaranduba ()"
s_Candiolo,Candiolo,44.959244,7.601722,provincia di Torino,e_Contea di Santa Cruz,Contea di Santa Cruz,,,,False,True,"Pouilly-sous-Charlieu (Francia), Contea di Santa Cruz ()"
s_Cantagallo (Italia),Cantagallo (Italia),44.016667,11.083333,provincia di Prato,e_Zug (Sahara Occidentale){{!}}Zug,Zug (Sahara Occidentale){{!}}Zug,,,,False,True,Zug (Sahara Occidentale){{!}}Zug ()
s_Cantù,Cantù,45.733333,9.133333,provincia di Como,e_Nithsdale,Nithsdale,,,,False,True,"Nithsdale (), Villefranche-sur-Saône (Francia), Dumfries (Regno Unito)"
s_Capestrano,Capestrano,42.269444,13.766667,provincia dell'Aquila,e_Buda,Buda,,,Ungheria,False,True,"Buda (Ungheria), San Juan Capistrano (Stati Uniti d’America)"
s_Capo d'Orlando,Capo d'Orlando,38.15,14.733333,provincia di Messina,e_Fremantle,Fremantle,,,Regno Unito,False,True,"Fremantle (Regno Unito), Culver City (Stati Uniti d’America)"
s_Carmagnola,Carmagnola,44.846947,7.717874,provincia di Torino,e_Abbazia,Abbazia,,,,False,True,"Abbazia (), Río Tercero ()"
s_Carmagnola,Carmagnola,44.846947,7.717874,provincia di Torino,e_Río Tercero,Río Tercero,,,,False,True,"Abbazia (), Río Tercero ()"
s_Casalmaggiore,Casalmaggiore,44.985833,10.414722,provincia di Cremona,e_Loznica,Loznica,,,,False,True,"Guilherand-Granges (Francia), Loznica (), Tarnów (Regno di Polonia)"
s_Casalserugo,Casalserugo,45.316667,11.916667,provincia di Padova,e_Pola de Siero,Pola de Siero,,,,False,True,Pola de Siero ()
s_Cassino,Cassino,41.491667,13.833333,provincia di Frosinone,e_Zehlendorf,Zehlendorf,,,,False,True,"Zehlendorf (), Zamość (Polonia), Falaise (), Tychy (Polonia), Uzice (Serbia), North York (), Karlovy Vary (Repubblica Ceca), Ortona (Italia), Casino (), Cavarzere (Italia), Senglea (Malta), Leno (Italia)"
s_Cassino,Cassino,41.491667,13.833333,provincia di Frosinone,e_Falaise,Falaise,,,,False,True,"Zehlendorf (), Zamość (Polonia), Falaise (), Tychy (Polonia), Uzice (Serbia), North York (), Karlovy Vary (Repubblica Ceca), Ortona (Italia), Casino (), Cavarzere (Italia), Senglea (Malta), Leno (Italia)"
s_Cassino,Cassino,41.491667,13.833333,provincia di Frosinone,e_North York,North York,,,,False,True,"Zehlendorf (), Zamość (Polonia), Falaise (), Tychy (Polonia), Uzice (Serbia), North York (), Karlovy Vary (Repubblica Ceca), Ortona (Italia), Casino (), Cavarzere (Italia), Senglea (Malta), Leno (Italia)"
s_Cassino,Cassino,41.491667,13.833333,provincia di Frosinone,e_Casino,Casino,,,,False,True,"Zehlendorf (), Zamość (Polonia), Falaise (), Tychy (Polonia), Uzice (Serbia), North York (), Karlovy Vary (Repubblica Ceca), Ortona (Italia), Casino (), Cavarzere (Italia), Senglea (Malta), Leno (Italia)"
s_Castagneto Carducci,Castagneto Carducci,43.166667,10.6,provincia di Livorno,e_Stari Grad,Stari Grad,,,,False,True,"Stari Grad (), Léognan (Francia), Thiaroye-sur-Mer (Italia)"
s_Castel San Pietro Terme,Castel San Pietro Terme,44.397778,11.589444,provincia di Bologna,e_Abbazia,Abbazia,,,,False,True,"Abbazia (), Bad Salzschlirf (Germania), Casoli (Italia), Laurana (Croazia), Draga di Moschiena (Croazia), Mattuglie (Croazia)"
s_Castelcucco,Castelcucco,45.833333,11.883333,provincia di Treviso,e_Rohr,Rohr,,,,False,True,Rohr ()
s_Castelnovo ne' Monti,Castelnovo ne' Monti,44.433333,10.4,provincia di Reggio Emilia,e_Illingen,Illingen,,,,False,True,"Fivizzano (Italia), Illingen (), Voreppe (Francia)"
s_Castelnuovo di Garfagnana,Castelnuovo di Garfagnana,44.121944,10.405556,provincia di Lucca,e_Marciana,Marciana,,,,False,True,"Dronero (Italia), Marciana (), Manching (Germania)"
s_Casteltermini,Casteltermini,37.541667,13.645278,provincia di Agrigento,e_Châtelet,Châtelet,,,,False,True,Châtelet ()
s_Castiglione a Casauria,Castiglione a Casauria,42.236944,13.898333,provincia di Pescara,e_Hamilton,Hamilton,,,,False,True,Hamilton ()
s_Castiglione di Garfagnana,Castiglione di Garfagnana,44.150833,10.411667,provincia di Lucca,e_Isola,Isola,,,,False,True,Isola ()
s_Castronno,Castronno,45.752771,8.811001,provincia di Varese,e_Ronneburg (Assia){{!}}Ronneburg,Ronneburg (Assia){{!}}Ronneburg,,,,False,True,Ronneburg (Assia){{!}}Ronneburg ()
s_Castroreale,Castroreale,38.1,15.216667,provincia di Messina,e_Collio,Collio,,,,False,True,Collio ()
s_Celle Ligure,Celle Ligure,44.3421,8.545575,provincia di Savona,e_Celle,Celle,,,,False,True,Celle ()
s_Cencenighe Agordino,Cencenighe Agordino,46.344,11.974444,provincia di Belluno,e_Massaranduba,Massaranduba,,,,False,True,Massaranduba ()
s_Ceriana,Ceriana,43.879061,7.7746,provincia di Imperia,e_Guisa,Guisa,,,,False,True,Guisa ()
s_Cerreto Guidi,Cerreto Guidi,43.7617,10.8771,provincia di Firenze,e_Saint-Marcel (Eure){{!}}Saint Marcel,Saint-Marcel (Eure){{!}}Saint Marcel,,,,False,True,"Saint-Marcel (Eure){{!}}Saint Marcel (), Pianello Val Tidone (Italia)"
s_Cervo (Italia),Cervo (Italia),43.925289,8.114342,provincia di Imperia,e_Pilón,Pilón,,,,False,True,"Pilón (), Cervo ()"
s_Cervo (Italia),Cervo (Italia),43.925289,8.114342,provincia di Imperia,e_Cervo,Cervo,,,,False,True,"Pilón (), Cervo ()"
s_Cesena,Cesena,44.133333,12.233333,provincia di Forlì-Cesena,e_Moresco (Italia){{!}}Moresco,Moresco (Italia){{!}}Moresco,,,,False,True,Moresco (Italia){{!}}Moresco ()
s_Cherasco,Cherasco,44.65,7.866667,provincia di Cuneo,e_Cefa (Romania){{!}}Cefa,Cefa (Romania){{!}}Cefa,,,,False,True,"Villars-sur-Var (Francia), Möckmühl (Germania), Piliscsaba (Ungheria), Cefa (Romania){{!}}Cefa (), Aksakovo (Bulgaria){{!}}Aksakovo ()"
s_Cherasco,Cherasco,44.65,7.866667,provincia di Cuneo,e_Aksakovo (Bulgaria){{!}}Aksakovo,Aksakovo (Bulgaria){{!}}Aksakovo,,,,False,True,"Villars-sur-Var (Francia), Möckmühl (Germania), Piliscsaba (Ungheria), Cefa (Romania){{!}}Cefa (), Aksakovo (Bulgaria){{!}}Aksakovo ()"
s_Chiaverano,Chiaverano,45.49886,7.902619,provincia di Torino,e_Mane,Mane,,,,False,True,Mane ()
s_Cigole,Cigole,45.3,10.183333,provincia di Brescia,e_Vara (Svezia){{!}}Vara,Vara (Svezia){{!}}Vara,,,,False,True,"Mazaricos (Spagna), Vara (Svezia){{!}}Vara (), Chanovice (Repubblica Ceca), Vorũ (Estonia), Kunszentmarton (Ungheria), Abàdszalòk (Ungheria)"
s_Cingoli,Cingoli,43.37415,13.216356,provincia di Macerata,e_Aprilia,Aprilia,,,,False,True,Aprilia ()
s_Cirò Marina,Cirò Marina,39.366667,17.116667,provincia di Crotone,e_Supino,Supino,,,,False,True,"Supino (), San Cataldo (Italia), Iževsk (Impero russo)"
s_Cisano sul Neva,Cisano sul Neva,44.087322,8.145019,provincia di Savona,e_Le Vigan,Le Vigan,,,,False,True,"Bigastro (Spagna), Le Vigan ()"
s_Civitella in Val di Chiana,Civitella in Val di Chiana,43.405278,11.770556,provincia di Arezzo,e_Ain Beda,Ain Beda,,,,False,True,"Ain Beda (), Kämpfelbach (Germania)"
s_Colle Umberto,Colle Umberto,45.95,12.35,provincia di Treviso,e_San Lorenzo,San Lorenzo,,,,False,True,"La Balme-de-Sillingy (Francia), San Lorenzo ()"
s_Conselve,Conselve,45.233333,11.866667,provincia di Padova,e_Torcy,Torcy,,,,False,True,"Torcy (), Jászberény (Ungheria)"
s_Conzano,Conzano,45.021389,8.455,provincia di Alessandria,e_Ingham,Ingham,,,,False,True,Ingham ()
s_Cormons,Cormons,45.95,13.466667,ente di decentramento regionale di Gorizia,e_Collio,Collio,,,,False,True,"Friesach (Austria), Collio (), Tokaj ()"
s_Cormons,Cormons,45.95,13.466667,ente di decentramento regionale di Gorizia,e_Tokaj,Tokaj,,,,False,True,"Friesach (Austria), Collio (), Tokaj ()"
s_Cornedo Vicentino,Cornedo Vicentino,45.616667,11.35,provincia di Vicenza,e_Sobradinho,Sobradinho,,,,False,True,Sobradinho ()
s_Corsico,Corsico,45.433333,9.116667,provincia di Milano,e_Malakoff,Malakoff,,,,False,True,"Malakoff (), Mataró (Spagna), Regla (Cuba), San Giovanni a Piro (Italia)"
s_Cortale,Cortale,38.8396,16.41,provincia di Catanzaro,e_Erba,Erba,,,,False,True,"Erba (), Ponte Lambro (Italia)"
s_Coseano,Coseano,46.1,13.016667,ente di decentramento regionale di Udine,e_Aubiac,Aubiac,,,,False,True,"Finale Ligure (Italia), Aubiac ()"
s_Cosenza,Cosenza,39.3,16.25,provincia di Cosenza,e_Sault Sainte Marie,Sault Sainte Marie,,,,False,True,"Salonicco (Grecia), Kenosha (Stati Uniti d’America), Lansing (Stati Uniti d’America), Sault Sainte Marie ()"
s_Cossato,Cossato,45.560381,8.185153,provincia di Biella,e_Neve Shalom,Neve Shalom,,,,False,True,Neve Shalom ()
s_Cotignola,Cotignola,44.383333,11.933333,provincia di Ravenna,e_Hüttlingen,Hüttlingen,,,,False,True,"Be'er Ya'akov (Israele), Hüttlingen (), Delle (Francia), Torrebruna (Italia), Vinci (Italia)"
s_Crecchio,Crecchio,42.296667,14.326111,provincia di Chieti,e_San Isidro,San Isidro,,,,False,True,"Lariano (Italia), San Isidro ()"
s_Crispiano,Crispiano,40.6,17.233333,provincia di Taranto,e_Tarma,Tarma,,,,False,True,"Nea Halkidona (Grecia), Tarma ()"
s_Crotone,Crotone,39.083333,17.116667,provincia di Crotone,e_Paola (Italia){{!}}Paola,Paola (Italia){{!}}Paola,,,,False,True,"Giannitsa (Grecia), Porto (Portogallo){{!}}Porto (Portogallo), Tenerife (Spagna), Hamm (Germania), Yingkou (Cina), Salfit (Impero ottomano), Częstochowa (Polonia), Samo (isola){{!}}Samo (Grecia), Altamura (Italia), Matera (Italia), Paola (Italia){{!}}Paola (), Norimberga (Germania)"
s_Cumiana,Cumiana,44.979742,7.376717,provincia di Torino,e_San Guillermo,San Guillermo,,,,False,True,"San Guillermo (), Saint-Jean-de-Bournay (Francia), Erlangen (Germania)"
s_Decollatura,Decollatura,39.05,16.35,provincia di Catanzaro,e_Danbury,Danbury,,,,False,True,Danbury ()
s_Desenzano del Garda,Desenzano del Garda,45.468889,10.535,provincia di Brescia,e_Sal (Capo Verde){{!}}Isola di Sal,Sal (Capo Verde){{!}}Isola di Sal,,,,False,True,"Amberg (Germania), Antibes Juan-les-Pins (Francia), Sal (Capo Verde){{!}}Isola di Sal (), Wiener Neustadt (Austria)"
s_Egna,Egna,46.31777778,11.27361111,provincia autonoma di Bolzano,e_Rheinfelden,Rheinfelden,,,,False,True,Rheinfelden ()
s_Enna,Enna,37.566667,14.266667,Libero consorzio comunale di Enna,e_Costa del Sol,Costa del Sol,,,Spagna,False,True,"Todi (Italia), Kastoria (Grecia), Gharb (Malta), Costa del Sol (Spagna), Haz-Zebbug (Malta)"
s_Este (Italia),Este (Italia),45.22805556,11.65527778,provincia di Padova,e_Fiume,Fiume,,,,False,True,"Fiume (), Pertuis (), Leek (), Bad Windsheim (Germania), Betlemme (Stato di Palestina), Tapolca (Ungheria)"
s_Este (Italia),Este (Italia),45.22805556,11.65527778,provincia di Padova,e_Pertuis,Pertuis,,,,False,True,"Fiume (), Pertuis (), Leek (), Bad Windsheim (Germania), Betlemme (Stato di Palestina), Tapolca (Ungheria)"
s_Este (Italia),Este (Italia),45.22805556,11.65527778,provincia di Padova,e_Leek,Leek,,,,False,True,"Fiume (), Pertuis (), Leek (), Bad Windsheim (Germania), Betlemme (Stato di Palestina), Tapolca (Ungheria)"
s_Faenza,Faenza,44.285556,11.883333,provincia di Ravenna,e_Toki (Giappone){{!}}Toki,Toki (Giappone){{!}}Toki,,,,False,True,"Toki (Giappone){{!}}Toki (), Fiume (Croazia){{!}}Fiume (Croazia), Talavera de la Reina (Spagna), Timișoara (Regno di Romania), Amarousio (Grecia), Bergerac (Francia), Schwäbisch Gmünd (Germania), Gmunden (Austria), Jingdezhen (Cina)"
s_Feltre,Feltre,46.016667,11.9,provincia di Belluno,e_Newbury,Newbury,,,,False,True,"Bagnols-sur-Cèze (Francia), Braunfels (Germania), Eeklo (Belgio), Newbury (), Kiskunfélegyháza (Ungheria), Dudelange (Lussemburgo), Colonia del Sacramento (Uruguay), Carcaixent (Spagna)"
s_Ferentino,Ferentino,41.683333,13.25,provincia di Frosinone,e_Rockford,Rockford,,,,False,True,"San Severino Marche (Italia), Ekaterinburg (Impero russo), Rockford (), Raszyn (Polonia), Iacobeni ()"
s_Ferentino,Ferentino,41.683333,13.25,provincia di Frosinone,e_Iacobeni,Iacobeni,,,,False,True,"San Severino Marche (Italia), Ekaterinburg (Impero russo), Rockford (), Raszyn (Polonia), Iacobeni ()"
s_Filadelfia (Italia),Filadelfia (Italia),38.783889,16.291111,provincia di Vibo Valentia,e_Philadelphia,Philadelphia,,,,False,True,"Alaşehir (Turchia), Philadelphia ()"
s_Fiorano Modenese,Fiorano Modenese,44.53666667,10.82277778,provincia di Modena,e_Onda,Onda,,,,False,True,"San Donato di Ninea (Italia), Ozieri (Italia), Burgos (Spagna), Ittireddu (Italia), Bultei (Italia), Onda (), Neve Shalom (), Nardò (Italia), Celenza Valfortore (Italia), Itaberaí (Brasile), Rumuruti ()"
s_Fiorano Modenese,Fiorano Modenese,44.53666667,10.82277778,provincia di Modena,e_Neve Shalom,Neve Shalom,,,,False,True,"San Donato di Ninea (Italia), Ozieri (Italia), Burgos (Spagna), Ittireddu (Italia), Bultei (Italia), Onda (), Neve Shalom (), Nardò (Italia), Celenza Valfortore (Italia), Itaberaí (Brasile), Rumuruti ()"
s_Fiorano Modenese,Fiorano Modenese,44.53666667,10.82277778,provincia di Modena,e_Rumuruti,Rumuruti,,,,False,True,"San Donato di Ninea (Italia), Ozieri (Italia), Burgos (Spagna), Ittireddu (Italia), Bultei (Italia), Onda (), Neve Shalom (), Nardò (Italia), Celenza Valfortore (Italia), Itaberaí (Brasile), Rumuruti ()"
s_Fiume Veneto,Fiume Veneto,45.933333,12.733333,ente di decentramento regionale di Pordenone,e_Albeck{{!}}Sirnitz,Albeck{{!}}Sirnitz,,,,False,True,"Albeck{{!}}Sirnitz (), Hude (Oldb) (Germania), Castelsarrasin (Francia)"
s_Fivizzano,Fivizzano,44.233333,10.116667,provincia di Massa-Carrara,e_Steinhagen,Steinhagen,,,,False,True,"Steinhagen (), Castelnovo ne' Monti (Italia), São Sebastião ()"
s_Fivizzano,Fivizzano,44.233333,10.116667,provincia di Massa-Carrara,e_São Sebastião,São Sebastião,,,,False,True,"Steinhagen (), Castelnovo ne' Monti (Italia), São Sebastião ()"
s_Fiè allo Sciliar,Fiè allo Sciliar,46.51777,11.502776,provincia autonoma di Bolzano,e_Friedberg,Friedberg,,,,False,True,Friedberg ()
s_Follonica,Follonica,42.918889,10.761389,provincia di Grosseto,e_Waldkirch,Waldkirch,,,,False,True,"Charleroi (Belgio), Kołobrzeg (Polonia), Hedemora (Svezia), Waldkirch ()"
s_Fontanellato,Fontanellato,44.882417,10.173056,provincia di Parma,e_Wells,Wells,,,,False,True,"Falköping (Svezia), Kißlegg (Germania), Wells ()"
s_Fontanelle (Italia),Fontanelle (Italia),45.833333,12.466667,provincia di Treviso,e_Auterive,Auterive,,,,False,True,Auterive ()
s_Forio,Forio,40.733333,13.85,provincia di Napoli,e_Brusson,Brusson,,,,False,True,"Brusson (), Polignano a Mare (Italia), Câmara de Lobos (Portogallo), Goce Delčev (Bulgaria)"
s_Forlì del Sannio,Forlì del Sannio,41.7,14.183333,provincia di Isernia,e_Rives,Rives,,,,False,True,Rives ()
s_Fossalta di Portogruaro,Fossalta di Portogruaro,45.783333,12.916667,provincia di Venezia,e_Aucamville,Aucamville,,,,False,True,Aucamville ()
s_Fossato di Vico,Fossato di Vico,43.3,12.766667,provincia di Perugia,e_Saint-Ambroix,Saint-Ambroix,,,,False,True,"Saint-Ambroix (), Aßlar (Germania)"
s_Fregona,Fregona,46.000218,12.338962,provincia di Treviso,e_Seyssel,Seyssel,,,,False,True,"Seyssel (), Court-Saint-Étienne (Belgio)"
s_Gaeta,Gaeta,41.216667,13.566667,provincia di Latina,e_Somerville,Somerville,,,,False,True,"Frontignan (Francia), Cambridge (Regno Unito), Somerville (), Mobile (), Cettigne (Montenegro), Babolsar (Iran)"
s_Gaeta,Gaeta,41.216667,13.566667,provincia di Latina,e_Mobile,Mobile,,,,False,True,"Frontignan (Francia), Cambridge (Regno Unito), Somerville (), Mobile (), Cettigne (Montenegro), Babolsar (Iran)"
s_Gagliano Aterno,Gagliano Aterno,42.1275,13.700833,provincia dell'Aquila,e_Hamilton,Hamilton,,,,False,True,Hamilton ()
s_Gattatico,Gattatico,44.8,10.466667,provincia di Reggio Emilia,e_Melissa,Melissa,,,,False,True,"Melissa (), Zierenberg (Germania)"
s_Genazzano,Genazzano,41.833318,12.972838,provincia di Roma,e_Vierkirchen,Vierkirchen,,,,False,True,"Le Lude (Francia), Vierkirchen ()"
s_Genzano di Roma,Genzano di Roma,41.702222,12.6925,provincia di Roma,e_Châtillon,Châtillon,,,,False,True,"Châtillon (), Merseburg (Germania), Mokotów (Polonia), Aubière (Francia)"
s_Giaveno,Giaveno,45.042005,7.351994,provincia di Torino,e_Brinkmann,Brinkmann,,,,False,True,"Brinkmann (), Chevreuse (Francia), Novska (Croazia), San Giovanni di Moriana (Francia)"
s_Giovinazzo,Giovinazzo,41.183333,16.666667,provincia di Bari,e_Leichhardt,Leichhardt,,,,False,True,"Guastalla (Italia), Leichhardt ()"
s_Gonnesa,Gonnesa,39.266484,8.471746,provincia di Carbonia-Iglesias,e_Collio,Collio,,,,False,True,Collio ()
s_Greve in Chianti,Greve in Chianti,43.583333,11.316667,provincia di Firenze,e_Ushiku,Ushiku,,,Giappone,False,True,"Greve (Danimarca){{!}}Greve Strand (Danimarca), Sonoma (Stati Uniti d’America), Rehoboth Beach (Stati Uniti d’America), Veitshöchheim (Germania), Farsia (Iran), Auxerre (Francia), Verteneglio (Croazia), Jasenice (Croazia) (Croazia), Ushiku (Giappone)"
s_Grotte,Grotte,37.405833,13.701111,provincia di Agrigento,e_Mircea Vodă,Mircea Vodă,,,,False,True,"Lenola (Italia), Militello Rosmarino (Italia), Mircea Vodă ()"
s_Gubbio,Gubbio,43.351788,12.577267,provincia di Perugia,e_Jessup,Jessup,,,,False,True,"Thann (Francia), Jessup (), Livinallongo del Col di Lana (Italia), Salon-de-Provence (Francia), Wertheim (Germania), Szentendre (Ungheria), Huntingdon (Regno Unito), Godmanchester (Regno Unito)"
s_Ischia (Italia),Ischia (Italia),40.733333,13.95,provincia di Napoli,e_San Pedro (Los Angeles){{!}}San Pedro,San Pedro (Los Angeles){{!}}San Pedro,,,Stati Uniti d’America,False,True,"San Pedro (Los Angeles){{!}}San Pedro (Stati Uniti d’America), Marino (Italia){{!}}Marino (Italia), San Francisco (Stati Uniti d’America), Los Angeles (Stati Uniti d’America), Brusson (Italia) {{!}}Brusson (Italia), Bari (Italia), Mar del Plata (Argentina), Castel San Giorgio (Italia), Leni (Italia), Ponza (Italia), Trani (Italia)"
s_Isola Vicentina,Isola Vicentina,45.633333,11.45,provincia di Vicenza,e_Mühlhausen,Mühlhausen,,,,False,True,"Mühlhausen (), Marau (Brasile)"
s_Isola del Liri,Isola del Liri,41.683333,13.566667,provincia di Frosinone,e_Caledon,Caledon,,,,False,True,"New Orleans (Stati Uniti d’America), Caledon ()"
s_Ispica,Ispica,36.785278,14.906944,Libero consorzio comunale di Ragusa,e_Rüti,Rüti,,,,False,True,"Rüti (), Slatina ()"
s_Ispica,Ispica,36.785278,14.906944,Libero consorzio comunale di Ragusa,e_Slatina,Slatina,,,,False,True,"Rüti (), Slatina ()"
s_Ladispoli,Ladispoli,41.954444,12.074167,provincia di Roma,e_Malle,Malle,,,,False,True,"Benicarló (Spagna), Heusenstamm (Germania), Malle (), Castroville (Stati Uniti d’America), Łeba (Polonia), Saint-Savin (), Teteven (Bulgaria), Tinos (Grecia)"
s_Ladispoli,Ladispoli,41.954444,12.074167,provincia di Roma,e_Saint-Savin,Saint-Savin,,,,False,True,"Benicarló (Spagna), Heusenstamm (Germania), Malle (), Castroville (Stati Uniti d’America), Łeba (Polonia), Saint-Savin (), Teteven (Bulgaria), Tinos (Grecia)"
s_Langhirano,Langhirano,44.614528,10.266167,provincia di Parma,e_Cavaillon,Cavaillon,,,,False,True,"Cavaillon (), Espalion (Francia), Tauste (Spagna), Nove (Italia)"
s_Langhirano,Langhirano,44.614528,10.266167,provincia di Parma,e_Nove,Nove,,,Italia,False,True,"Cavaillon (), Espalion (Francia), Tauste (Spagna), Nove (Italia)"
s_Larciano,Larciano,43.82788,10.857915,provincia di Pistoia,e_Rousset,Rousset,,,,False,True,"Poussan (Francia), Rousset ()"
s_Lardirago,Lardirago,45.233333,9.233333,provincia di Pavia,e_Ribeira Grande (Capo Verde){{!}}Ribeira Grande,Ribeira Grande (Capo Verde){{!}}Ribeira Grande,,,,False,True,Ribeira Grande (Capo Verde){{!}}Ribeira Grande ()
s_Lariano,Lariano,41.733333,12.833333,provincia di Roma,e_Victoria,Victoria,,,,False,True,"Sausset-les-Pins (Francia), Victoria (), Crecchio (Italia), San Ferdinando di Puglia (Italia)"
s_Latiano,Latiano,40.573906,17.714484,provincia di Brindisi,e_Pompei,Pompei,,,,False,True,Pompei ()
s_Lavena Ponte Tresa,Lavena Ponte Tresa,45.966667,8.85,provincia di Varese,e_Aquilonia,Aquilonia,,,,False,True,"Aquilonia (), Calitri (Italia), Lacedonia (Italia), Mesoraca (Italia), Carapelle (Italia), Zalau (Romania), Bucarest (Principato di Valacchia)"
s_Lecce nei Marsi,Lecce nei Marsi,41.934722,13.687778,provincia dell'Aquila,e_Făurei,Făurei,,,,False,True,"Făurei (), Atri (Italia)"
s_Leni,Leni,38.5549,14.8252,provincia di Messina,e_Ischia,Ischia,,,,False,True,Ischia ()
s_Lerma (Italia),Lerma (Italia),44.636944,8.716389,provincia di Alessandria,e_Lerma,Lerma,,,,False,True,Lerma ()
s_Limana,Limana,46.1,12.183333,provincia di Belluno,e_Grass Valley,Grass Valley,,,,False,True,"Longuyon (Francia), Schmitshausen (Germania), Walferdange (Lussemburgo), Grass Valley ()"
s_Loano,Loano,44.129003,8.259822,provincia di Savona,e_Francheville,Francheville,,,,False,True,Francheville ()
s_Lodi,Lodi,45.316667,9.5,provincia di Lodi,e_Costanza,Costanza,,,,False,True,"Omegna (Italia), Costanza (), Lodi (Italia), Flossenbürg (Germania), Fontainebleau (Francia), San Bassano (Italia)"
s_Lonate Pozzolo,Lonate Pozzolo,45.6,8.75,provincia di Varese,e_San Rafael (California){{!}}San Rafael,San Rafael (California){{!}}San Rafael,,,,False,True,San Rafael (California){{!}}San Rafael ()
s_Loreto,Loreto,43.4403,13.607431,provincia di Ancona,e_Fátima (Portogallo){{!}}Fátima,Fátima (Portogallo){{!}}Fátima,,,Portogallo,False,True,"Altötting (Germania), Częstochowa (Polonia), Fátima (Portogallo){{!}}Fátima (Portogallo), Nazareth (Israele), Mariazell (Austria), Esztergom (Ungheria), Montecassiano (Italia)"
s_Loria,Loria,45.733333,11.866667,provincia di Treviso,e_Pando,Pando,,,,False,True,"Pando (), Bressols (Francia), Guelph (Canada)"
s_Lucca,Lucca,43.85,10.516667,provincia di Lucca,e_Schongau,Schongau,,,,False,True,"Abingdon-on-Thames (Regno Unito), Schongau (), Colmar (Francia), Sint-Niklaas (Belgio), South San Francisco (Stati Uniti d’America), Lucca Sicula (Italia), Gorinchem (Paesi Bassi), Gogolin (Polonia), Buenos Aires (Argentina), Maceió (Brasile), Perth (Australia), Nanchino (Cina)"
s_Lurate Caccivio,Lurate Caccivio,45.766667,9,provincia di Como,e_Fusine,Fusine,,,,False,True,"Cerchiara di Calabria (Italia), Fusine ()"
s_Magenta (Italia),Magenta (Italia),45.46025,8.876611,provincia di Milano,e_Magenta,Magenta,,,,False,True,"Magenta (), Sant'Anna di Stazzema (Italia)"
s_Magliano Alpi,Magliano Alpi,44.45,7.8,provincia di Cuneo,e_Etruria,Etruria,,,Italia,False,True,Etruria (Italia)
s_Maida,Maida,38.85,16.366667,provincia di Catanzaro,e_Ambler (Pennsylvania){{!}}Ambler,Ambler (Pennsylvania){{!}}Ambler,,,,False,True,Ambler (Pennsylvania){{!}}Ambler ()
s_Marino (Italia),Marino (Italia),41.766667,12.666667,provincia di Roma,e_Ischia,Ischia,,,,False,True,"Anderlecht (Belgio), Assisi (Italia), Aversa (Italia), Boulogne-Billancourt (Francia), Ischia (), Irving (), Lepanto (Grecia), Neukölln (Germania), Paterna (Spagna), Zaanstad (Paesi Bassi)"
s_Marino (Italia),Marino (Italia),41.766667,12.666667,provincia di Roma,e_Irving,Irving,,,,False,True,"Anderlecht (Belgio), Assisi (Italia), Aversa (Italia), Boulogne-Billancourt (Francia), Ischia (), Irving (), Lepanto (Grecia), Neukölln (Germania), Paterna (Spagna), Zaanstad (Paesi Bassi)"
s_Mazara del Vallo,Mazara del Vallo,37.651661,12.58751,Libero consorzio comunale di Trapani,e_Moretta,Moretta,,,,False,True,"Mahdia (Tunisia), Santa Pola (Spagna), Volos (Grecia), Trebisacce (Italia), Gravina in Puglia (Italia), Moretta ()"
s_Melilli,Melilli,37.183333,15.116667,Libero consorzio comunale di Siracusa,e_Middletown,Middletown,,,,False,True,Middletown ()
s_Merate,Merate,45.70004,9.42425,provincia di Lecco,e_Kappeln,Kappeln,,,,False,True,"Buzançais (Francia), Kappeln (), Manlleu (Spagna)"
s_Mola di Bari,Mola di Bari,41.066667,17.083333,provincia di Bari,e_Tivat,Tivat,,,,False,True,"Tivat (), Pedrajas de San Esteban (Spagna), Bomporto (Italia)"
s_Molfetta,Molfetta,41.2,16.6,provincia di Bari,e_Fremantle,Fremantle,,,Regno Unito,False,True,"Görlitz (Germania), Fremantle (Regno Unito), Little Ferry (Stati Uniti d’America), Alessano (Italia), Contea di Wei (Cina)"
s_Montale (Italia),Montale (Italia),43.933333,11.016667,provincia di Pistoia,e_Senlis,Senlis,,,,False,True,"Varaždin (Croazia), Senlis (), Tifariti (Sahara Occidentale), Langenfeld ()"
s_Montale (Italia),Montale (Italia),43.933333,11.016667,provincia di Pistoia,e_Langenfeld,Langenfeld,,,,False,True,"Varaždin (Croazia), Senlis (), Tifariti (Sahara Occidentale), Langenfeld ()"
s_Montebelluna,Montebelluna,45.775278,12.038889,provincia di Treviso,e_Tata,Tata,,,,False,True,"Dammarie-les-Lys (Francia), Oberkochen (Germania), Tata (), Contea di Laois (Irlanda)"
s_Montecchio Maggiore,Montecchio Maggiore,45.50369,11.412,provincia di Vicenza,e_Alton (Hampshire){{!}}Alton,Alton (Hampshire){{!}}Alton,,,,False,True,"Passavia (Germania), Alton (Hampshire){{!}}Alton ()"
s_Montechiaro d'Acqui,Montechiaro d'Acqui,44.595278,8.379722,provincia di Alessandria,e_Aspremont,Aspremont,,,,False,True,Aspremont ()
s_Montedoro,Montedoro,37.45431,13.81684,Libero consorzio comunale di Caltanissetta,e_Saint-Nicolas (Belgio){{!}}Saint Nicolas,Saint-Nicolas (Belgio){{!}}Saint Nicolas,,,,False,True,"Saint-Nicolas (Belgio){{!}}Saint Nicolas (), Vaulx-en-Velin (Francia), Meyzieu (Francia)"
s_Montegiorgio,Montegiorgio,43.1307,13.537081,provincia di Fermo,e_Marta (Italia){{!}}Marta,Marta (Italia){{!}}Marta,,,,False,True,Marta (Italia){{!}}Marta ()
s_Montegrotto Terme,Montegrotto Terme,45.333333,11.783333,provincia di Padova,e_Mason City (Iowa){{!}}Mason City,Mason City (Iowa){{!}}Mason City,,,,False,True,"Alajuela (Costa Rica), Băile Herculane (Romania), Berettyóújfalu (Ungheria), Bordano (Italia), Mason City (Iowa){{!}}Mason City (), Mostar (Bosnia ed Erzegovina), Termas de Río Hondo{{!}}Rio Hondo (Argentina)"
s_Montelupo Fiorentino,Montelupo Fiorentino,43.733333,11.016667,provincia di Firenze,e_Beaucaire,Beaucaire,,,,False,True,"Manises (Spagna), Moustiers-Sainte-Marie (Francia), Beaucaire (), Nove (Italia)"
s_Montelupo Fiorentino,Montelupo Fiorentino,43.733333,11.016667,provincia di Firenze,e_Nove,Nove,,,Italia,False,True,"Manises (Spagna), Moustiers-Sainte-Marie (Francia), Beaucaire (), Nove (Italia)"
s_Montemurlo,Montemurlo,43.927778,11.04,provincia di Prato,e_Bovino,Bovino,,,,False,True,"Bir Lehlu (Sahara Occidentale), Bovino ()"
s_Monteroni di Lecce,Monteroni di Lecce,40.333333,18.1,provincia di Lecce,e_Lengnau,Lengnau,,,,False,True,"Lengnau (), Fara Filiorum Petri (Italia)"
s_Montesano sulla Marcellana,Montesano sulla Marcellana,40.283333,15.7,provincia di Salerno,e_Mercedes,Mercedes,,,Germania,False,True,"Mercedes (Germania), Amantea (Italia), Valera ()"
s_Montesano sulla Marcellana,Montesano sulla Marcellana,40.283333,15.7,provincia di Salerno,e_Valera,Valera,,,,False,True,"Mercedes (Germania), Amantea (Italia), Valera ()"
s_Montesarchio,Montesarchio,41.066667,14.633333,provincia di Benevento,e_La Garde,La Garde,,,,False,True,"La Garde (), Betlemme (Stato di Palestina), Torre del Greco (Italia)"
s_Montescudaio,Montescudaio,43.326191,10.625681,provincia di Pisa,e_Eberstadt (Baden-Württemberg){{!}}Eberstadt,Eberstadt (Baden-Württemberg){{!}}Eberstadt,,,,False,True,"Castril{{!}}Castril de la Peña (Italia), Eberstadt (Baden-Württemberg){{!}}Eberstadt (), Brandýs nad Labem-Stará Boleslav (Repubblica Ceca), Saint Croix (Stati Uniti d’America)"
s_Mormanno,Mormanno,39.883333,15.983333,provincia di Cosenza,e_Diamante,Diamante,,,,False,True,"Savigliano (Italia), Diamante ()"
s_Motta di Livenza,Motta di Livenza,45.779722,12.608611,provincia di Treviso,e_L'Isle-Jourdain (Occitania){{!}}L'Isle-Jourdain,L'Isle-Jourdain (Occitania){{!}}L'Isle-Jourdain,,,,False,True,"L'Isle-Jourdain (Occitania){{!}}L'Isle-Jourdain (), Cherso (città){{!}}Cherso (Croazia), Parakou (Benin)"
s_Napoli,Napoli,40.835833,14.248611,città metropolitana di Napoli,e_Călărași,Călărași,,,,False,True,"Kagoshima (Giappone), Gafsa (Tunisia), Sighet (Regno d'Ungheria), Călărași (), Budapest (Ungheria), Kragujevac (Serbia), Palma di Maiorca (Spagna), Atene (Grecia), Santiago di Cuba (Cuba), Nosy Be (Madagascar), Nablus (Impero bizantino), Naples (Florida) (Stati Uniti d’America), Cancún (Messico)"
s_Narzole,Narzole,44.6,7.866667,provincia di Cuneo,e_Tenda,Tenda,,,,False,True,Tenda ()
s_Nichelino,Nichelino,44.995518,7.646618,provincia di Torino,e_Victoria,Victoria,,,,False,True,"Caluire-et-Cuire (Francia), Victoria ()"
s_Niscemi,Niscemi,37.15,14.383333,Libero consorzio comunale di Caltanissetta,e_Collio,Collio,,,,False,True,Collio ()
s_Noceto,Noceto,44.80975,10.177278,provincia di Parma,e_Walnut Creek,Walnut Creek,,,,False,True,"Walnut Creek (), Noyers-sur-Serein (Francia), Cricova (Moldavia)"
s_Noto (Italia),Noto (Italia),36.883333,15.083333,Libero consorzio comunale di Siracusa,e_Pompei,Pompei,,,,False,True,Pompei ()
s_Novellara,Novellara,44.85,10.733333,provincia di Reggio Emilia,e_Neve Shalom,Neve Shalom,,,,False,True,"Nový Jičín (Repubblica Ceca), Neve Shalom (), Sancti Spíritus (Cuba), Santa Gertrudes (Brasile)"
s_Novi Ligure,Novi Ligure,44.759167,8.785556,provincia di Alessandria,e_Sorbiers,Sorbiers,,,,False,True,"Marignane (Francia), Sorbiers (), Elbasan (Albania), Bicester (Regno Unito)"
s_Nuoro,Nuoro,40.320062,9.328079,provincia di Nuoro,e_Corte (Francia){{!}}Corte,Corte (Francia){{!}}Corte,,,Paesi Bassi,False,True,"Corte (Francia){{!}}Corte (Paesi Bassi), Tolmezzo (Italia)"
s_Olmedo (Italia),Olmedo (Italia),40.651111,8.379722,provincia di Sassari,e_Olmedo (Spagna){{!}}Olmedo,Olmedo (Spagna){{!}}Olmedo,,,,False,True,"Olmedo (Spagna){{!}}Olmedo (), Limena (Italia)"
s_Oria,Oria,40.5,17.633333,provincia di Brindisi,e_Lorch,Lorch,,,,False,True,"Lorch (), Miekinia (Polonia), Sarteano (Italia), Novoli (Italia)"
s_Oristano,Oristano,39.905819,8.591609,provincia di Oristano,e_Garden City,Garden City,,,,False,True,"Ciutadella de Menorca (Spagna), Garden City ()"
s_Osimo,Osimo,43.486081,13.4821,provincia di Ancona,e_Armstrong,Armstrong,,,,False,True,"Copertino (Italia), Armstrong (), Sofia (Bulgaria)"
s_Ozieri,Ozieri,40.584871,9.003285,provincia di Sassari,e_Oliva,Oliva,,,,False,True,"Fiorano Modenese (Italia), Maranello (Italia), Oliva ()"
s_Pacentro,Pacentro,42.05043,13.99151,provincia dell'Aquila,e_Hamilton,Hamilton,,,,False,True,Hamilton ()
s_Paciano,Paciano,43.016667,12.066667,provincia di Perugia,e_Fontaines,Fontaines,,,,False,True,"Fontaines (), Mosman (Australia)"
s_Padova,Padova,45.407778,11.873333,provincia di Padova,e_Beira (Mozambico){{!}}Beira,Beira (Mozambico){{!}}Beira,,,,False,True,"Nancy (ducato di Lorena), Friburgo in Brisgovia{{!}}Friburgo (Germania), Boston (Stati Uniti d’America), Handan (Cina), Iaşi (Romania), Beira (Mozambico){{!}}Beira (), Coimbra (Portogallo), Cagliari (Italia), Zara (Croazia){{!}}Zara (Croazia), Oxford (Regno Unito)"
s_Pagani (Italia),Pagani (Italia),40.741667,14.616667,provincia di Salerno,e_Vaglia,Vaglia,,,,False,True,Vaglia ()
s_Palazzolo dello Stella,Palazzolo dello Stella,45.8,13.083333,ente di decentramento regionale di Udine,e_Gratkorn,Gratkorn,,,Austria,False,True,Gratkorn (Austria)
s_Palermo,Palermo,38.115658,13.361262,provincia di Palermo,e_Palermo (Colombia){{!}}Palermo,Palermo (Colombia){{!}}Palermo,,,Italia,False,True,"Santiago di Cuba (Cuba), Pistoia (Italia), Tbilisi (Georgia), Miami (Stati Uniti d’America), Palermo (Colombia){{!}}Palermo (Italia), Khan Yunis (Repubblica Araba Unita), Bukavu (Repubblica Democratica del Congo), Jaroslavl' (Russia), Chengdu (Cina), Monterey (Stati Uniti d’America), Biserta (Tunisia), Danzica (Polonia), Timișoara (Regno di Romania), Samara (Russia){{!}}Samara (Russia), Vilnius (Lituania), Betlemme (Stato di Palestina), Las Vegas (Stati Uniti d’America), Düsseldorf (Germania), Grand-Bassam (Costa d'Avorio), Montpellier (Francia), La Valletta (Malta), Sekondi-Takoradi (Ghana)"
s_Palestrina,Palestrina,41.833333,12.9,provincia di Roma,e_Bièvres,Bièvres,,,,False,True,"Füssen (Germania), Bièvres ()"
s_Paola (Italia),Paola (Italia),39.366667,16.033333,provincia di Cosenza,e_Paola (Malta){{!}}Paola,Paola (Malta){{!}}Paola,,,,False,True,"Barra do Piraí (Brasile), Fréjus (Francia), San Giovanni in Fiore (Italia), Paola (Malta){{!}}Paola (), Puerto Madryn (Argentina), Susa (Italia){{!}}Susa (Italia), Assisi{{!}}Assisi (), Otranto{{!}}Otranto (Italia), Bovalino (Italia)"
s_Paola (Italia),Paola (Italia),39.366667,16.033333,provincia di Cosenza,e_Assisi{{!}}Assisi,Assisi{{!}}Assisi,,,,False,True,"Barra do Piraí (Brasile), Fréjus (Francia), San Giovanni in Fiore (Italia), Paola (Malta){{!}}Paola (), Puerto Madryn (Argentina), Susa (Italia){{!}}Susa (Italia), Assisi{{!}}Assisi (), Otranto{{!}}Otranto (Italia), Bovalino (Italia)"
s_Patti,Patti,38.1389,14.96481,provincia di Messina,e_Minori,Minori,,,,False,True,"Minori (), Moncalvo (Italia)"
s_Pederobba,Pederobba,45.873889,11.9475,provincia di Treviso,e_Jacutinga,Jacutinga,,,,False,True,"Hettange-Grande (Francia), Jacutinga ()"
s_Pesaro,Pesaro,43.91015,12.9133,provincia di Pesaro e Urbino,e_Keita (Niger){{!}}Keita,Keita (Niger){{!}}Keita,,,,False,True,"Nanterre (Francia), Watford (Regno Unito), Rovigno (Croazia), Lubiana (Slovenia), Rafah (Stato di Palestina), Keita (Niger){{!}}Keita (), Qinhuangdao (Cina), Kakegawa (Giappone), Novi Grad (Sarajevo){{!}}Novi Grad (Serbia)"
s_Pescia,Pescia,43.90171,10.689781,provincia di Pistoia,e_Medicina,Medicina,,,,False,True,"Nerja (Spagna), Oullins (Francia), Medicina ()"
s_Petritoli,Petritoli,43.0671,13.65605,provincia di Fermo,e_Vidor,Vidor,,,,False,True,Vidor ()
s_Pettorano sul Gizio,Pettorano sul Gizio,41.975556,13.959722,provincia dell'Aquila,e_Hamilton,Hamilton,,,,False,True,"Hamilton (), Gallinaro (Italia)"
s_Pietrabbondante,Pietrabbondante,41.75,14.383333,provincia di Isernia,e_Hargnies,Hargnies,,,,False,True,"Valtorta (Italia), Hargnies ()"
s_Pignola,Pignola,40.566667,15.783333,provincia di Potenza,e_Anzi,Anzi,,,,False,True,"Anzi (), Matera (Italia), Ollolai (Italia)"
s_Pinerolo,Pinerolo,44.887309,7.331945,provincia di Torino,e_Gap,Gap,,,,False,True,"Gap (), Traunstein (Germania), San Francisco (Stati Uniti d’America), Derventa (Bosnia ed Erzegovina), Beloit ()"
s_Pinerolo,Pinerolo,44.887309,7.331945,provincia di Torino,e_Beloit,Beloit,,,,False,True,"Gap (), Traunstein (Germania), San Francisco (Stati Uniti d’America), Derventa (Bosnia ed Erzegovina), Beloit ()"
s_Piove di Sacco,Piove di Sacco,45.297692,12.036814,provincia di Padova,e_Città della Speranza,Città della Speranza,,,Italia,False,True,"Senden (Baviera){{!}}Senden (Germania), Kobierzyce (Polonia), Città della Speranza (Italia)"
s_Piscina (Italia),Piscina (Italia),44.919442,7.426212,provincia di Torino,e_Suardi,Suardi,,,,False,True,Suardi ()
s_Pistoia,Pistoia,43.933333,10.916667,provincia di Pistoia,e_Pau,Pau,,,,False,True,"Kruševac (Serbia), Zittau (Germania), Pau (), Shirakawa (Giappone), Palermo (Italia), Onești (Romania)"
s_Platì,Platì,38.216667,16.05,provincia di Reggio Calabria,e_Fairfield (Nuovo Galles del Sud){{!}}Fairfield,Fairfield (Nuovo Galles del Sud){{!}}Fairfield,,,,False,True,Fairfield (Nuovo Galles del Sud){{!}}Fairfield ()
s_Poggibonsi,Poggibonsi,43.466667,11.15,provincia di Siena,e_Chiuso,Chiuso,,,,False,True,"Corleto Perticara (Italia), Werne (Germania), Marcq-en-Barœul (Francia), Chiuso (), Maggianico (Italia), Braga (Portogallo)"
s_Polverara,Polverara,45.309392,11.956012,provincia di Padova,e_Jimena (Spagna){{!}}Jimena,Jimena (Spagna){{!}}Jimena,,,,False,True,Jimena (Spagna){{!}}Jimena ()
s_Ponte San Nicolò,Ponte San Nicolò,45.366667,11.933333,provincia di Padova,e_Dobra (Police){{!}}Dobra,Dobra (Police){{!}}Dobra,,,,False,True,"Crest (Drôme){{!}}Crest (Francia), Dobra (Police){{!}}Dobra (), Medvode (Slovenia)"
s_Pontedera,Pontedera,43.6625,10.632778,provincia di Pisa,e_Brava,Brava,,,,False,True,"Brava (), Khombole (Senegal), Fourchambault (Francia), Montemor-o-Novo (Portogallo), Serrara Fontana (Italia)"
s_Pontelandolfo,Pontelandolfo,41.283333,14.683333,provincia di Benevento,e_Waterbury,Waterbury,,,,False,True,Waterbury ()
s_Pontenure,Pontenure,45,9.783333,provincia di Piacenza,e_Minas,Minas,,,,False,True,"Olkusz (Polonia), Minas (), Vasilevo (Macedonia del Nord)"
s_Pontinia,Pontinia,41.4083,13.04434,provincia di Latina,e_Vittoria,Vittoria,,,,False,True,"Utena (Lituania), Vittoria (), Goro (Italia)"
s_Ponza,Ponza,40.9,12.966667,provincia di Latina,e_Ischia,Ischia,,,,False,True,"Aglientu (Italia), Ischia (), Frosinone (Italia), Santa Teresa Gallura (Italia), Tortolì (Italia)"
s_Ponzano Veneto,Ponzano Veneto,45.723851,12.194218,provincia di Treviso,e_Katoma,Katoma,,,,False,True,Katoma ()
s_Pordenone,Pordenone,45.9626,12.6563,ente di decentramento regionale di Pordenone,e_Okawa,Okawa,,,Giappone,False,True,"Spittal an der Drau (Austria), Okawa (Giappone), San Martín (), Irkutsk (Russia)"
s_Pordenone,Pordenone,45.9626,12.6563,ente di decentramento regionale di Pordenone,e_San Martín,San Martín,,,,False,True,"Spittal an der Drau (Austria), Okawa (Giappone), San Martín (), Irkutsk (Russia)"
s_Postiglione (Italia),Postiglione (Italia),40.566667,15.233333,provincia di Salerno,e_Sermaise,Sermaise,,,,False,True,Sermaise ()
s_Pozzuoli,Pozzuoli,40.823056,14.122222,provincia di Napoli,e_Agios Dimitrios,Agios Dimitrios,,,,False,True,"Agios Dimitrios (), Stettino (Regno di Prussia), Tarragona (Spagna), Abruzzo (Italia)"
s_Pratola Peligna,Pratola Peligna,42.099167,13.874722,provincia dell'Aquila,e_Hamilton,Hamilton,,,,False,True,"Hamilton (), Gioia dei Marsi (Italia)"
s_Predaia,Predaia,46.3234,11.0731,provincia autonoma di Trento,e_Magdalena de Kino,Magdalena de Kino,,,,False,True,"Heroldsberg (Germania), Magdalena de Kino ()"
s_Priolo Gargallo,Priolo Gargallo,37.166667,15.183333,Libero consorzio comunale di Siracusa,e_New Britain,New Britain,,,,False,True,"New Britain (), Oława (Polonia), Ulma (Germania)"
s_Puglianello,Puglianello,41.216667,14.45,provincia di Benevento,e_Derby,Derby,,,,False,True,Derby ()
s_Quiliano,Quiliano,44.293114,8.410308,provincia di Savona,e_Great Wyrley,Great Wyrley,,,Regno Unito,False,True,"Aidussina (Slovenia), Great Wyrley (Regno Unito), Mâcon (Francia)"
s_Racalmuto,Racalmuto,37.408333,13.734722,provincia di Agrigento,e_Hamilton,Hamilton,,,,False,True,"Hamilton (), Castronovo di Sicilia (Italia), Finale Ligure (Italia), Opole Lubelskie (Polonia)"
s_Racconigi,Racconigi,44.766667,7.683333,provincia di Cuneo,e_Bonneville,Bonneville,,,,False,True,"Bonneville (), Cascais (Portogallo)"
s_Radda in Chianti,Radda in Chianti,43.483333,11.383333,provincia di Siena,e_Saint-Brice (Charente){{!}}Saint Brice,Saint-Brice (Charente){{!}}Saint Brice,,,,False,True,Saint-Brice (Charente){{!}}Saint Brice ()
s_Reana del Rojale,Reana del Rojale,46.15,13.233333,ente di decentramento regionale di Udine,e_Križevci,Križevci,,,,False,True,"Križevci (), Salagnon (Francia)"
s_Recale,Recale,41.05,14.3,provincia di Caserta,e_Bovino,Bovino,,,,False,True,Bovino ()
s_Recoaro Terme,Recoaro Terme,45.7,11.233333,provincia di Vicenza,e_Colonia Carolina,Colonia Carolina,,,Regno di Gran Bretagna,False,True,"Neustadt an der Donau (Germania), Colonia Carolina (Regno di Gran Bretagna)"
s_Reggio Emilia,Reggio Emilia,44.7,10.633333,provincia di Reggio Emilia,e_Pemba,Pemba,,,,False,True,"Bydgoszcz (Polonia), Digione (Francia), Schwerin (Germania), Zara (Croazia), Gerona (Spagna), Fort Worth (Stati Uniti d’America), Chișinău (Moldavia), Kragujevac (Serbia), Polokwane (Sudafrica), Pemba (), Beit Jala (Stato di Palestina), Centar (Macedonia del Nord), African National Congress (Sudafrica), Rio Branco (Brasile), Rizhao (Cina), Smara (Sahara Occidentale), Ekurhuleni (Sudafrica), Nablus (Impero bizantino)"
s_Reggio Emilia,Reggio Emilia,44.7,10.633333,provincia di Reggio Emilia,e_African National Congress,African National Congress,,,Sudafrica,False,True,"Bydgoszcz (Polonia), Digione (Francia), Schwerin (Germania), Zara (Croazia), Gerona (Spagna), Fort Worth (Stati Uniti d’America), Chișinău (Moldavia), Kragujevac (Serbia), Polokwane (Sudafrica), Pemba (), Beit Jala (Stato di Palestina), Centar (Macedonia del Nord), African National Congress (Sudafrica), Rio Branco (Brasile), Rizhao (Cina), Smara (Sahara Occidentale), Ekurhuleni (Sudafrica), Nablus (Impero bizantino)"
s_Resana,Resana,45.633333,11.95,provincia di Treviso,e_Montville (Francia){{!}}Montville,Montville (Francia){{!}}Montville,,,,False,True,Montville (Francia){{!}}Montville ()
s_Ribera,Ribera,37.499444,13.265,provincia di Agrigento,e_Elizabeth,Elizabeth,,,,False,True,"Oinousses (Grecia), Elizabeth ()"
s_Ripa Teatina,Ripa Teatina,42.35,14.233333,provincia di Chieti,e_Brockton,Brockton,,,,False,True,"Brockton (), Sequals (Italia), San Bartolomeo in Galdo (Italia)"
s_Ripacandida,Ripacandida,40.912778,15.725556,provincia di Potenza,e_Anzi,Anzi,,,,False,True,"Anzi (), Assisi (Italia), Auletta (Italia), Blue Island (Illinois){{!}}Blue Island (Stati Uniti d’America), Caposele (Italia), Contursi Terme (Italia), Muro Lucano (Italia)"
s_Rocca di Papa,Rocca di Papa,41.76197,12.706867,provincia di Roma,e_Diamante,Diamante,,,,False,True,"Landsberg am Lech (Germania), Diamante ()"
s_Rodengo,Rodengo,46.777426,11.690597,provincia autonoma di Bolzano,e_Finthen,Finthen,,,,False,True,Finthen ()
s_Romans d'Isonzo,Romans d'Isonzo,45.883333,13.433333,ente di decentramento regionale di Gorizia,e_Schiefling am See{{!}}Schiefling am Wörthersee,Schiefling am See{{!}}Schiefling am Wörthersee,,,,False,True,"San Pietro-Vertoiba{{!}}Šempeter-Vrtojba (Slovenia), Schiefling am See{{!}}Schiefling am Wörthersee ()"
s_Rondissone,Rondissone,45.246775,7.965426,provincia di Torino,e_Mirabeau,Mirabeau,,,,False,True,"Peschici (Italia), Mirabeau ()"
s_Rosate,Rosate,45.353329,9.022078,provincia di Milano,e_Rohrdorf,Rohrdorf,,,,False,True,"Tarnowo Podgórne (Polonia), Rohrdorf ()"
s_Roseto degli Abruzzi,Roseto degli Abruzzi,42.683333,14.016667,provincia di Teramo,e_Makarska,Makarska,,,Croazia,False,True,"Jawor (Polonia), La Louvière (Belgio), Makarska (Croazia), Roseto Capo Spulico (Italia), Romentino (Italia)"
s_Rosignano Marittimo,Rosignano Marittimo,43.4,10.466667,provincia di Livorno,e_Musselburgh,Musselburgh,,,,False,True,"Champigny-sur-Marne (Francia), Pardubice (Repubblica Ceca), Musselburgh (), Zug ()"
s_Rosignano Marittimo,Rosignano Marittimo,43.4,10.466667,provincia di Livorno,e_Zug,Zug,,,,False,True,"Champigny-sur-Marne (Francia), Pardubice (Repubblica Ceca), Musselburgh (), Zug ()"
s_Rovereto,Rovereto,45.883333,11.034167,provincia autonoma di Trento,e_Forchheim,Forchheim,,,,False,True,"Kufstein (Austria), Forchheim (), Dolní Dobrouč (Repubblica Ceca), Bento Gonçalves (Rio Grande do Sul) (), Zabrze (Polonia)"
s_Rovereto,Rovereto,45.883333,11.034167,provincia autonoma di Trento,e_Bento Gonçalves (Rio Grande do Sul),Bento Gonçalves (Rio Grande do Sul),,,,False,True,"Kufstein (Austria), Forchheim (), Dolní Dobrouč (Repubblica Ceca), Bento Gonçalves (Rio Grande do Sul) (), Zabrze (Polonia)"
s_Russi (Italia),Russi (Italia),44.37645,12.03335,provincia di Ravenna,e_Beaumont,Beaumont,,,,False,True,"Saluggia (Italia), Bopfingen (Germania), Beaumont (), Podbořany (Repubblica Ceca), Montescudo-Monte Colombo (Italia)"
s_Sabaudia,Sabaudia,41.29985,13.02477,provincia di Latina,e_Lesina,Lesina,,,,False,True,"Saint-Médard-en-Jalles (Francia), El Vendrell (Spagna), Sabáudia (Brasile), Hergla (Italia), Lesina (), Lero (Grecia), Sacile (Italia)"
s_Saint-Oyen (Italia),Saint-Oyen (Italia),45.816667,7.216667,Valle d'Aosta,e_Saint-Oyen,Saint-Oyen,,,,False,True,"Saint-Oyen (), Saint-Oyens (Svizzera), Montbellet (Francia)"
s_Salgareda,Salgareda,45.7061,12.4913,provincia di Treviso,e_Saint-Alban (Alta Garonna){{!}}Saint-Alban,Saint-Alban (Alta Garonna){{!}}Saint-Alban,,,,False,True,"Saint-Alban (Alta Garonna){{!}}Saint-Alban (), Brzeziny (Łódź){{!}}Brzeziny (Polonia)"
s_Saluggia,Saluggia,45.233333,8.016667,provincia di Vercelli,e_Russi,Russi,,,Russia,False,True,Russi (Russia)
s_Saluzzo,Saluzzo,44.645278,7.490556,provincia di Cuneo,e_Silvio Pellico,Silvio Pellico,,,,False,True,"Łowicz (Polonia), Silvio Pellico ()"
s_San Cataldo (Italia),San Cataldo (Italia),37.483333,13.983333,Libero consorzio comunale di Caltanissetta,e_Milena (Italia){{!}}Milena,Milena (Italia){{!}}Milena,,,,False,True,"Olgiate Comasco (Italia), Cirò Marina (Italia), Milena (Italia){{!}}Milena ()"
s_San Fili,San Fili,39.338049,16.143207,provincia di Cosenza,e_Itambé,Itambé,,,,False,True,Itambé ()
s_San Giorgio Monferrato,San Giorgio Monferrato,45.107685,8.413055,provincia di Alessandria,e_Saint-Julien,Saint-Julien,,,,False,True,Saint-Julien ()
s_San Giovanni in Fiore,San Giovanni in Fiore,39.264167,16.700278,provincia di Cosenza,e_Clarksburg (Virginia Occidentale){{!}}Clarksburg,Clarksburg (Virginia Occidentale){{!}}Clarksburg,,,,False,True,"Clarksburg (Virginia Occidentale){{!}}Clarksburg (), Paola (Italia){{!}}Paola (), Genk (Belgio)"
s_San Giovanni in Fiore,San Giovanni in Fiore,39.264167,16.700278,provincia di Cosenza,e_Paola (Italia){{!}}Paola,Paola (Italia){{!}}Paola,,,,False,True,"Clarksburg (Virginia Occidentale){{!}}Clarksburg (), Paola (Italia){{!}}Paola (), Genk (Belgio)"
s_San Marcello Piteglio,San Marcello Piteglio,44.055556,10.790833,provincia di Pistoia,e_Saint-Martin-du-Tertre (Île-de-France){{!}}Saint-Martin-du-Tertre,Saint-Martin-du-Tertre (Île-de-France){{!}}Saint-Martin-du-Tertre,,,,False,True,"La Guera (Sahara Occidentale), Saône (Francia), Saint-Martin-du-Tertre (Île-de-France){{!}}Saint-Martin-du-Tertre ()"
s_San Maurizio Canavese,San Maurizio Canavese,45.21705,7.63052,provincia di Torino,e_General Cabrera,General Cabrera,,,,False,True,General Cabrera ()
s_San Mauro Castelverde,San Mauro Castelverde,37.914444,14.190556,provincia di Palermo,e_Rush (Irlanda){{!}}Rush,Rush (Irlanda){{!}}Rush,,,,False,True,"Quilmes (Argentina), Rocca Massima (Italia), Rush (Irlanda){{!}}Rush (), Viagrande (Italia)"
s_San Nicola dell'Alto,San Nicola dell'Alto,39.281935,16.978074,provincia di Crotone,e_Prato,Prato,,,,False,True,Prato ()
s_San Pellegrino Terme,San Pellegrino Terme,45.833333,9.666667,provincia di Bergamo,e_Burgdorf,Burgdorf,,,,False,True,"Burgdorf (), Larino (Italia), La Salle-les-Alpes (Francia)"
s_San Possidonio (Italia),San Possidonio (Italia),44.891667,10.996389,provincia di Modena,e_Vinay,Vinay,,,,False,True,Vinay ()
s_San Secondo di Pinerolo,San Secondo di Pinerolo,44.866667,7.3,provincia di Torino,e_Carlos Pellegrini,Carlos Pellegrini,,,,False,True,Carlos Pellegrini ()
s_San Sosti,San Sosti,39.666667,16.033333,provincia di Cosenza,e_Fátima (Portogallo){{!}}Fátima,Fátima (Portogallo){{!}}Fátima,,,Portogallo,False,True,"Bra (Italia), San Isidro (Catamarca){{!}}San Isidro (Argentina), Fátima (Portogallo){{!}}Fátima (Portogallo)"
s_San Tomaso Agordino,San Tomaso Agordino,46.383333,11.983333,provincia di Belluno,e_Massaranduba,Massaranduba,,,,False,True,Massaranduba ()
s_Sant'Ambrogio di Valpolicella,Sant'Ambrogio di Valpolicella,45.52089,10.83618,provincia di Verona,e_Oppenheim,Oppenheim,,,,False,True,"Sant'Ambrogio di Torino (Italia), Sant'Ambrogio sul Garigliano (Italia), Oppenheim (), Sesana (Slovenia)"
s_Sant'Ilario d'Enza,Sant'Ilario d'Enza,44.751914,10.47143,provincia di Reggio Emilia,e_Melissa,Melissa,,,,False,True,"Melissa (), Zierenberg (Germania)"
s_Santa Lucia del Mela,Santa Lucia del Mela,38.14346,15.28067,provincia di Messina,e_LaSalle,LaSalle,,,,False,True,"Saint Lucia (Saint Lucia), Plovdiv (Bulgaria), LaSalle ()"
s_Santa Maria di Sala,Santa Maria di Sala,45.5089,12.0363,provincia di Venezia,e_Lesina,Lesina,,,,False,True,Lesina ()
s_Santa Teresa Gallura,Santa Teresa Gallura,41.239158,9.188776,provincia di Sassari,e_Bonifacio,Bonifacio,,,,False,True,"Ponza (Italia), Folgaria (Italia), Bonifacio ()"
s_Sante Marie,Sante Marie,42.104444,13.201389,provincia dell'Aquila,e_Vama,Vama,,,,False,True,Vama ()
s_Savignano Irpino,Savignano Irpino,41.233333,15.183333,provincia di Avellino,e_Savigneux,Savigneux,,,,False,True,"Savigneux (), Essenbach (Germania)"
s_Scalenghe,Scalenghe,44.8927,7.493611,provincia di Torino,e_Vila (Argentina){{!}}Vila,Vila (Argentina){{!}}Vila,,,,False,True,"Vila (Argentina){{!}}Vila (), Žlobin (Bielorussia)"
s_Scandriglia,Scandriglia,42.166667,12.85,provincia di Rieti,e_Barbara,Barbara,,,,False,True,Barbara ()
s_Schio,Schio,45.71388889,11.35861111,provincia di Vicenza,e_Grigny,Grigny,,,,False,True,"Landshut (Germania), Kaposvár (Ungheria), Pétange (Lussemburgo), Grigny ()"
s_Segonzano,Segonzano,46.183333,11.266667,provincia autonoma di Trento,e_Segonzac,Segonzac,,,,False,True,Segonzac ()
s_Sermoneta,Sermoneta,41.55,12.983333,provincia di Latina,e_Atalanti{{!}}Atalanti,Atalanti{{!}}Atalanti,,,Italia,False,True,"Arborea (Italia){{!}}Arborea (Italia), Saint-Antoine-l'Abbaye{{!}}Saint-Antoine-l'Abbaye (Francia), Atalanti{{!}}Atalanti (Italia)"
s_Serracapriola,Serracapriola,41.8,15.166667,provincia di Foggia,e_Toro,Toro,,,,False,True,"Agnone (Italia), Toro ()"
s_Sesto San Giovanni,Sesto San Giovanni,45.533333,9.233333,provincia di Milano,e_Casa de las Américas,Casa de las Américas,,,,False,True,"Saint-Denis (Senna-Saint-Denis){{!}}Saint-Denis (Francia), Zlín (Repubblica Ceca), Terlizzi (Italia), Santo André (Brasile), Casa de las Américas (), Langenstein (Austria), Goražde (Bosnia ed Erzegovina), Goiânia (Brasile), Campinas (Brasile)"
s_Solarino,Solarino,37.1,15.116667,Libero consorzio comunale di Siracusa,e_New Britain,New Britain,,,,False,True,"New Britain (), Aninoasa (), Città di Merry bek (Italia), Tepelenë (Albania)"
s_Solarino,Solarino,37.1,15.116667,Libero consorzio comunale di Siracusa,e_Aninoasa,Aninoasa,,,,False,True,"New Britain (), Aninoasa (), Città di Merry bek (Italia), Tepelenë (Albania)"
s_Sommariva del Bosco,Sommariva del Bosco,44.766667,7.783333,provincia di Cuneo,e_Porteña,Porteña,,,Paraguay,False,True,Porteña (Paraguay)
s_Sommatino,Sommatino,37.336944,13.9975,Libero consorzio comunale di Caltanissetta,e_Fontaine,Fontaine,,,,False,True,Fontaine ()
s_Sondrio,Sondrio,46.169719,9.87,provincia di Sondrio,e_São Mateus (Brasile){{!}}São Mateus,São Mateus (Brasile){{!}}São Mateus,,,Brasile,False,True,"Sindelfingen (Germania), Radovljica (Slovenia), São Mateus (Brasile){{!}}São Mateus (Brasile)"
s_Spinete,Spinete,41.55,14.483333,provincia di Campobasso,e_Medicina,Medicina,,,,False,True,Medicina ()
s_Spoleto,Spoleto,42.733333,12.733333,provincia di Perugia,e_Orange (Francia){{!}}Orange,Orange (Francia){{!}}Orange,,,,False,True,"Charleston (Carolina del Sud){{!}}Charleston (Stati Uniti d’America), Schwetzingen (Germania), Orange (Francia){{!}}Orange (), Cetinje (Montenegro), Cajamarca (Perù)"
s_Stanghella,Stanghella,45.134574,11.755809,provincia di Padova,e_Jardin,Jardin,,,,False,True,Jardin ()
s_Sulmona,Sulmona,42.048025,13.926198,provincia dell'Aquila,e_Hamilton (Canada){{!}}Hamilton,Hamilton (Canada){{!}}Hamilton,,,,False,True,"Zante (Grecia), Hamilton (Canada){{!}}Hamilton (), Burghausen (Germania), Costanza (Romania){{!}}Costanza (Romania)"
s_Susa (Italia),Susa (Italia),45.133333,7.05,provincia di Torino,e_Paola,Paola,,,,False,True,"Paola (), Briançon (Francia), Barnstaple (Regno Unito)"
s_Taranto,Taranto,40.471111,17.243056,provincia di Taranto,e_Brest,Brest,,,,False,True,"Sparta (città moderna){{!}}Sparta (Grecia), Brest (), Donec'k (Impero russo), Islamabad (Pakistan), Alicante (Spagna), Acquaviva delle Fonti (Italia), Tirana (Albania)"
s_Teggiano,Teggiano,40.383333,15.533333,provincia di Salerno,e_Lobos,Lobos,,,,False,True,"San Mauro Pascoli (Italia), Toledo (Spagna), Lobos ()"
s_Terni,Terni,42.566667,12.65,provincia di Terni,e_Auserd{{!}}Wilaya di Auserd,Auserd{{!}}Wilaya di Auserd,,,Algeria,False,True,"Cartagena (Spagna){{!}}Cartagena (Spagna), Saint-Ouen (Senna-Saint-Denis){{!}}Saint-Ouen (Francia), Praga{{!}}Praga (Repubblica Ceca), Dunaújváros (Ungheria), Kōbe (Giappone), Auserd{{!}}Wilaya di Auserd (Algeria)"
s_Terranuova Bracciolini,Terranuova Bracciolini,43.553056,11.589444,provincia di Arezzo,e_Hausa (città){{!}}Hausa,Hausa (città){{!}}Hausa,,,,False,True,"Hausa (città){{!}}Hausa (), Accumoli (Italia)"
s_Thiene,Thiene,45.707222,11.478611,provincia di Vicenza,e_Apt,Apt,,,,False,True,"São Caetano do Sul (Brasile), Apt (), Lussinpiccolo (Croazia)"
s_Tolfa,Tolfa,42.15,11.933333,provincia di Roma,e_Dingle,Dingle,,,,False,True,"Dingle (), Għajnsielem (Malta), Salobreña (Spagna), Slovenske Konjice (Slovenia)"
s_Torre Pellice,Torre Pellice,44.820278,7.223333,provincia di Torino,e_Mörfelden-Walldorf{{!}}Waldorf,Mörfelden-Walldorf{{!}}Waldorf,,,,False,True,"Guardia Piemontese (Italia), Mörfelden-Walldorf{{!}}Waldorf (), Guillestre (Francia), Valdese (Stati Uniti d'America){{!}}Valdese (Svizzera)"
s_Torre Pellice,Torre Pellice,44.820278,7.223333,provincia di Torino,e_Valdese (Stati Uniti d'America){{!}}Valdese,Valdese (Stati Uniti d'America){{!}}Valdese,,,Svizzera,False,True,"Guardia Piemontese (Italia), Mörfelden-Walldorf{{!}}Waldorf (), Guillestre (Francia), Valdese (Stati Uniti d'America){{!}}Valdese (Svizzera)"
s_Torre San Patrizio,Torre San Patrizio,43.183969,13.611,provincia di Fermo,e_Kells,Kells,,,,False,True,Kells ()
s_Trambileno,Trambileno,45.834595,11.125678,provincia autonoma di Trento,e_Bento Gonçalves (Rio Grande do Sul),Bento Gonçalves (Rio Grande do Sul),,,,False,True,Bento Gonçalves (Rio Grande do Sul) ()
s_Triggiano,Triggiano,41.066667,16.916667,provincia di Bari,e_Addison,Addison,,,,False,True,Addison ()
s_Vaglia (Italia),Vaglia (Italia),43.907222,11.281667,provincia di Firenze,e_Pagani,Pagani,,,,False,True,Pagani ()
s_Vallada Agordina,Vallada Agordina,46.37343,11.92956,provincia di Belluno,e_Massaranduba,Massaranduba,,,,False,True,Massaranduba ()
s_Valle di Cadore,Valle di Cadore,46.417356,12.331983,provincia di Belluno,e_Claro,Claro,,,,False,True,Claro ()
s_Vallecorsa,Vallecorsa,41.45,13.4,provincia di Frosinone,e_Bolesławiec,Bolesławiec,,,,False,True,Bolesławiec ()
s_Valvasone Arzene,Valvasone Arzene,46,12.86666667,ente di decentramento regionale di Pordenone,e_Roquefort,Roquefort,,,Francia,False,True,Roquefort (Francia)
s_Varallo,Varallo,45.81383,8.25814,provincia di Vercelli,e_Die,Die,,,,False,True,Die ()
s_Varapodio,Varapodio,38.316667,15.983333,provincia di Reggio Calabria,e_Cobram,Cobram,,,,False,True,Cobram ()
s_Varazze,Varazze,44.360006,8.576636,provincia di Savona,e_Roussillon,Roussillon,,,,False,True,"Palmi (Italia), Roussillon ()"
s_Venaria Reale,Venaria Reale,45.116667,7.633333,provincia di Torino,e_Vöhringen (Baviera){{!}}Vöhringen,Vöhringen (Baviera){{!}}Vöhringen,,,,False,True,"Castronovo di Sicilia (Italia), Vöhringen (Baviera){{!}}Vöhringen (), Vizille (Francia), Kribi (Camerun)"
s_Venosa,Venosa,40.966667,15.816667,provincia di Potenza,e_Gesualdo,Gesualdo,,,,False,True,"Tortolì (Italia), Bernalda (Italia), Cetraro (Italia), Gesualdo (), Borgo Virgilio (Italia)"
s_Vernio,Vernio,44.05,11.15,provincia di Prato,e_Jettingen,Jettingen,,,,False,True,"Senones (Francia), Jettingen (), Marchin (Belgio), Vico del Gargano (Italia), Pizzoli (Italia), Celenza sul Trigno (Italia)"
s_Verzuolo,Verzuolo,44.6,7.483333,provincia di Cuneo,e_Arroyito,Arroyito,,,Argentina,False,True,Arroyito (Argentina)
s_Vibo Valentia,Vibo Valentia,38.675278,16.0959,provincia di Vibo Valentia,e_Dipartimento di Ituzaingó{{!}}Ituzaingó,Dipartimento di Ituzaingó{{!}}Ituzaingó,,,,False,True,"Corleone (Italia), Ruda Śląska (Polonia), Vrnjačka Banja (Serbia), Dipartimento di Ituzaingó{{!}}Ituzaingó (), Gaziantep (Turchia)"
s_Vicenza,Vicenza,45.55,11.55,provincia di Vicenza,e_Stari Grad,Stari Grad,,,,False,True,"Pforzheim (Reich tedesco), Annecy (Francia), Cleveland (Stati Uniti d’America), Osijek (Croazia), Stari Grad ()"
s_Vicovaro,Vicovaro,42.01782,12.89691,provincia di Roma,e_Saint-Chéron (Essonne){{!}}Saint-Chéron,Saint-Chéron (Essonne){{!}}Saint-Chéron,,,,False,True,Saint-Chéron (Essonne){{!}}Saint-Chéron ()
s_Vigevano,Vigevano,45.316667,8.866667,provincia di Pavia,e_Ficarra,Ficarra,,,,False,True,"Ficarra (), Matera (Italia)"
s_Villa Lagarina,Villa Lagarina,45.916667,11.033333,provincia autonoma di Trento,e_Bento Gonçalves (Rio Grande do Sul),Bento Gonçalves (Rio Grande do Sul),,,,False,True,"Bento Gonçalves (Rio Grande do Sul) (), Stockstadt am Rhein (Germania)"
s_Villa Santa Lucia degli Abruzzi,Villa Santa Lucia degli Abruzzi,42.334167,13.777778,provincia dell'Aquila,e_Port Colborne,Port Colborne,,,,False,True,Port Colborne ()
s_Villar San Costanzo,Villar San Costanzo,44.483333,7.383333,provincia di Cuneo,e_Rosières (Alta Loira){{!}}Rosières,Rosières (Alta Loira){{!}}Rosières,,,,False,True,Rosières (Alta Loira){{!}}Rosières ()
s_Villasor,Villasor,39.380885,8.941326,provincia di Cagliari,e_Alagón,Alagón,,,,False,True,Alagón ()
s_Villetta Barrea,Villetta Barrea,41.776667,13.939444,provincia dell'Aquila,e_Hamilton,Hamilton,,,,False,True,"Hamilton (), Passignano sul Trasimeno (Italia)"
s_Vimodrone,Vimodrone,45.513889,9.284444,provincia di Milano,e_Bella,Bella,,,,False,True,"Bella (), Cittanova ()"
s_Vimodrone,Vimodrone,45.513889,9.284444,provincia di Milano,e_Cittanova,Cittanova,,,,False,True,"Bella (), Cittanova ()"
s_Vinovo,Vinovo,44.95,7.633333,provincia di Torino,e_Luque,Luque,,,,False,True,"Luque (), Casalbore (Italia)"
s_Vitulano,Vitulano,41.183333,14.65,provincia di Benevento,e_Belcastel,Belcastel,,,,False,True,Belcastel ()
s_Viverone,Viverone,45.424722,8.054444,provincia di Biella,e_Pogliana (Croazia){{!}}Pogliana,Pogliana (Croazia){{!}}Pogliana,,,,False,True,Pogliana (Croazia){{!}}Pogliana ()
s_Vobbia,Vobbia,44.599378,9.040028,provincia di Genova,e_Bolton,Bolton,,,,False,True,Bolton ()
s_Voghera,Voghera,44.9925,9.009167,provincia di Pavia,e_Cheyenne,Cheyenne,,,Stati Uniti d’America,False,True,"Leinfelden-Echterdingen (Germania), Manosque (Francia), Cheyenne (Stati Uniti d’America)"
s_Volterra,Volterra,43.4,10.866667,provincia di Pisa,e_Mende (Francia){{!}}Mende,Mende (Francia){{!}}Mende,,,Liberia,False,True,"Mende (Francia){{!}}Mende (Liberia), Wunsiedel (Germania), Bruchsal (Germania), Sandomierz (Polonia)"
